p0,lpips_alex,MOS
170516_mia337_032122_600_200Kfaces_8192px_OBJ_simpL1_qp10_qt7_decompJPEG_2048x2048_Q75, 0.339355, 0.443181818181817
170516_mia337_032122_600_200Kfaces_8192px_OBJ_simpL1_qp10_qt8_decompJPEG_512x512_Q10, 0.388398, 0.288461538461538
170516_mia337_032122_600_200Kfaces_8192px_OBJ_simpL1_qp11_qt6_decompJPEG_1440x1440_Q25, 0.499754, 0.636904761904763
170516_mia337_032122_600_200Kfaces_8192px_OBJ_simpL1_qp9_qt6_decompJPEG_512x512_Q75, 0.489359, 0.540697674418605
170516_mia337_032122_600_200Kfaces_8192px_OBJ_simpL1_qp9_qt7_decompJPEG_1440x1440_Q10, 0.399349, 0.494318181818183
170516_mia337_032122_600_200Kfaces_8192px_OBJ_simpL10_qp10_qt6_decompJPEG_512x512_Q10, 0.912533, 0.953488372093023
170516_mia337_032122_600_200Kfaces_8192px_OBJ_simpL10_qp10_qt9_decompJPEG_2048x2048_Q90, 0.670426, 0.964285714285715
170516_mia337_032122_600_200Kfaces_8192px_OBJ_simpL10_qp11_qt10_decompJPEG_1024x1024_Q25, 0.751580, 0.936046511627908
170516_mia337_032122_600_200Kfaces_8192px_OBJ_simpL10_qp11_qt6_decompJPEG_512x512_Q10, 0.909746, 0.9875
170516_mia337_032122_600_200Kfaces_8192px_OBJ_simpL10_qp11_qt9_decompJPEG_1440x1440_Q75, 0.696849, 0.964285714285715
170516_mia337_032122_600_200Kfaces_8192px_OBJ_simpL10_qp8_qt8_decompJPEG_1440x1440_Q50, 0.728182, 0.976744186046512
170516_mia337_032122_600_200Kfaces_8192px_OBJ_simpL2_qp10_qt10_decompJPEG_512x512_Q50, 0.343329, 0.24375
170516_mia337_032122_600_200Kfaces_8192px_OBJ_simpL2_qp11_qt10_decompJPEG_512x512_Q50, 0.356187, 0.172619047619047
170516_mia337_032122_600_200Kfaces_8192px_OBJ_simpL2_qp8_qt7_decompJPEG_512x512_Q90, 0.536645, 0.648809523809525
170516_mia337_032122_600_200Kfaces_8192px_OBJ_simpL2_qp8_qt8_decompJPEG_712x712_Q10, 0.537755, 0.616279069767443
170516_mia337_032122_600_200Kfaces_8192px_OBJ_simpL3_qp10_qt6_decompJPEG_2048x2048_Q25, 0.509205, 0.613095238095237
170516_mia337_032122_600_200Kfaces_8192px_OBJ_simpL3_qp10_qt7_decompJPEG_2048x2048_Q50, 0.350049, 0.446428571428573
170516_mia337_032122_600_200Kfaces_8192px_OBJ_simpL3_qp10_qt7_decompJPEG_512x512_Q50, 0.364418, 0.371951219512195
170516_mia337_032122_600_200Kfaces_8192px_OBJ_simpL3_qp11_qt10_decompJPEG_512x512_Q50, 0.370358, 0.23170731707317
170516_mia337_032122_600_200Kfaces_8192px_OBJ_simpL3_qp11_qt7_decompJPEG_1024x1024_Q50, 0.344983, 0.420454545454545
170516_mia337_032122_600_200Kfaces_8192px_OBJ_simpL3_qp9_qt6_decompJPEG_1024x1024_Q25, 0.506247, 0.58139534883721
170516_mia337_032122_600_200Kfaces_8192px_OBJ_simpL4_qp8_qt7_decompJPEG_2048x2048_Q50, 0.523794, 0.777777777777777
170516_mia337_032122_600_200Kfaces_8192px_OBJ_simpL4_qp8_qt8_decompJPEG_712x712_Q25, 0.497529, 0.69047619047619
170516_mia337_032122_600_200Kfaces_8192px_OBJ_simpL4_qp9_qt6_decompJPEG_512x512_Q75, 0.509998, 0.63095238095238
170516_mia337_032122_600_200Kfaces_8192px_OBJ_simpL5_qp10_qt10_decompJPEG_512x512_Q50, 0.392375, 0.345238095238095
170516_mia337_032122_600_200Kfaces_8192px_OBJ_simpL5_qp11_qt10_decompJPEG_512x512_Q50, 0.389654, 0.307692307692307
170516_mia337_032122_600_200Kfaces_8192px_OBJ_simpL5_qp11_qt10_decompJPEG_512x512_Q75, 0.331759, 0.302631578947367
170516_mia337_032122_600_200Kfaces_8192px_OBJ_simpL5_qp11_qt7_decompJPEG_1024x1024_Q50, 0.385953, 0.445121951219512
170516_mia337_032122_600_200Kfaces_8192px_OBJ_simpL5_qp8_qt9_decompJPEG_712x712_Q90, 0.426507, 0.568181818181817
170516_mia337_032122_600_200Kfaces_8192px_OBJ_simpL6_qp10_qt10_decompJPEG_512x512_Q75, 0.367457, 0.34090909090909
170516_mia337_032122_600_200Kfaces_8192px_OBJ_simpL6_qp10_qt10_decompJPEG_512x512_Q90, 0.314309, 0.345238095238095
170516_mia337_032122_600_200Kfaces_8192px_OBJ_simpL6_qp11_qt10_decompJPEG_512x512_Q25, 0.484130, 0.431818181818183
170516_mia337_032122_600_200Kfaces_8192px_OBJ_simpL6_qp11_qt10_decompJPEG_512x512_Q50, 0.416656, 0.386904761904763
170516_mia337_032122_600_200Kfaces_8192px_OBJ_simpL6_qp11_qt10_decompJPEG_512x512_Q75, 0.362645, 0.296511627906977
170516_mia337_032122_600_200Kfaces_8192px_OBJ_simpL6_qp11_qt10_decompJPEG_512x512_Q90, 0.306696, 0.275
170516_mia337_032122_600_200Kfaces_8192px_OBJ_simpL7_qp10_qt10_decompJPEG_512x512_Q75, 0.389398, 0.383333333333333
170516_mia337_032122_600_200Kfaces_8192px_OBJ_simpL7_qp11_qt10_decompJPEG_512x512_Q75, 0.385890, 0.36111111111111
170516_mia337_032122_600_200Kfaces_8192px_OBJ_simpL7_qp8_qt8_decompJPEG_2048x2048_Q50, 0.436493, 0.616279069767443
170516_mia337_032122_600_200Kfaces_8192px_OBJ_simpL7_qp9_qt6_decompJPEG_512x512_Q75, 0.580093, 0.75
170516_mia337_032122_600_200Kfaces_8192px_OBJ_simpL8_qp10_qt9_decompJPEG_512x512_Q90, 0.410185, 0.431818181818183
170516_mia337_032122_600_200Kfaces_8192px_OBJ_simpL8_qp11_qt8_decompJPEG_2048x2048_Q75, 0.339045, 0.4375
170516_mia337_032122_600_200Kfaces_8192px_OBJ_simpL8_qp8_qt10_decompJPEG_512x512_Q50, 0.578459, 0.71951219512195
170516_mia337_032122_600_200Kfaces_8192px_OBJ_simpL8_qp8_qt7_decompJPEG_712x712_Q75, 0.535481, 0.767045454545455
170516_mia337_032122_600_200Kfaces_8192px_OBJ_simpL8_qp9_qt8_decompJPEG_1024x1024_Q75, 0.372459, 0.452380952380953
170516_mia337_032122_600_200Kfaces_8192px_OBJ_simpL9_qp10_qt6_decompJPEG_1024x1024_Q75, 0.685122, 0.86046511627907
170516_mia337_032122_600_200Kfaces_8192px_OBJ_simpL9_qp10_qt6_decompJPEG_512x512_Q10, 0.731621, 0.883720930232557
170516_mia337_032122_600_200Kfaces_8192px_OBJ_simpL9_qp10_qt7_decompJPEG_2048x2048_Q10, 0.563171, 0.683333333333332
170516_mia337_032122_600_200Kfaces_8192px_OBJ_simpL9_qp10_qt7_decompJPEG_2048x2048_Q25, 0.517532, 0.607142857142858
170516_mia337_032122_600_200Kfaces_8192px_OBJ_simpL9_qp10_qt7_decompJPEG_2048x2048_Q50, 0.511900, 0.656976744186047
170516_mia337_032122_600_200Kfaces_8192px_OBJ_simpL9_qp11_qt6_decompJPEG_512x512_Q10, 0.726861, 0.869318181818183
170516_mia337_032122_600_200Kfaces_8192px_OBJ_simpL9_qp11_qt7_decompJPEG_1024x1024_Q50, 0.539250, 0.65909090909091
170516_mia337_032122_600_200Kfaces_8192px_OBJ_simpL9_qp11_qt7_decompJPEG_1440x1440_Q90, 0.501212, 0.686046511627908
170516_mia337_032122_600_200Kfaces_8192px_OBJ_simpL9_qp11_qt8_decompJPEG_1440x1440_Q75, 0.402836, 0.55952380952381
170516_mia337_032122_600_200Kfaces_8192px_OBJ_simpL9_qp8_qt7_decompJPEG_2048x2048_Q90, 0.532026, 0.732558139534882
170516_mia337_032122_600_200Kfaces_8192px_OBJ_simpL9_qp9_qt7_decompJPEG_2048x2048_Q25, 0.526152, 0.738636363636363
170516_mia337_032122_600_200Kfaces_8192px_OBJ_simpL9_qp9_qt9_decompJPEG_512x512_Q50, 0.586642, 0.660714285714285
Ackerbau_BakedUV_simpL1_qp10_qt6_decompJPEG_512x512_Q10, 0.825650, 0.702380952380953
Ackerbau_BakedUV_simpL1_qp10_qt7_decompJPEG_1440x1440_Q25, 0.733060, 0.625
Ackerbau_BakedUV_simpL1_qp10_qt7_decompJPEG_1440x1440_Q75, 0.736070, 0.540697674418605
Ackerbau_BakedUV_simpL1_qp10_qt7_decompJPEG_1440x1440_Q90, 0.735980, 0.575
Ackerbau_BakedUV_simpL1_qp10_qt7_decompJPEG_2048x2048_Q75, 0.740770, 0.630681818181817
Ackerbau_BakedUV_simpL1_qp10_qt7_decompJPEG_2048x2048_Q90, 0.743497, 0.604651162790698
Ackerbau_BakedUV_simpL1_qp10_qt7_decompJPEG_712x712_Q50, 0.713399, 0.455555555555555
Ackerbau_BakedUV_simpL1_qp10_qt8_decompJPEG_1440x1440_Q90, 0.543148, 0.378048780487805
Ackerbau_BakedUV_simpL1_qp11_qt6_decompJPEG_2048x2048_Q75, 0.847322, 0.77840909090909
Ackerbau_BakedUV_simpL1_qp11_qt6_decompJPEG_512x512_Q10, 0.797012, 0.66860465116279
Ackerbau_BakedUV_simpL1_qp11_qt6_decompJPEG_512x512_Q25, 0.800170, 0.683333333333332
Ackerbau_BakedUV_simpL1_qp11_qt6_decompJPEG_512x512_Q50, 0.798606, 0.738372093023255
Ackerbau_BakedUV_simpL1_qp11_qt6_decompJPEG_512x512_Q75, 0.806796, 0.74390243902439
Ackerbau_BakedUV_simpL1_qp11_qt6_decompJPEG_512x512_Q90, 0.805767, 0.784883720930233
Ackerbau_BakedUV_simpL1_qp11_qt6_decompJPEG_712x712_Q50, 0.823273, 0.755681818181817
Ackerbau_BakedUV_simpL1_qp11_qt6_decompJPEG_712x712_Q75, 0.821378, 0.726190476190475
Ackerbau_BakedUV_simpL1_qp11_qt7_decompJPEG_1024x1024_Q50, 0.702773, 0.547619047619047
Ackerbau_BakedUV_simpL1_qp11_qt7_decompJPEG_2048x2048_Q75, 0.726719, 0.577380952380953
Ackerbau_BakedUV_simpL1_qp11_qt7_decompJPEG_512x512_Q50, 0.674822, 0.494318181818183
Ackerbau_BakedUV_simpL1_qp11_qt7_decompJPEG_512x512_Q75, 0.673088, 0.44047619047619
Ackerbau_BakedUV_simpL1_qp11_qt7_decompJPEG_712x712_Q75, 0.700615, 0.477272727272728
Ackerbau_BakedUV_simpL1_qp8_qt8_decompJPEG_712x712_Q50, 0.875856, 0.76219512195122
Ackerbau_BakedUV_simpL1_qp8_qt9_decompJPEG_512x512_Q25, 0.851436, 0.791666666666668
Ackerbau_BakedUV_simpL1_qp9_qt10_decompJPEG_2048x2048_Q25, 0.516883, 0.289772727272728
Ackerbau_BakedUV_simpL1_qp9_qt10_decompJPEG_2048x2048_Q75, 0.496077, 0.3125
Ackerbau_BakedUV_simpL1_qp9_qt10_decompJPEG_2048x2048_Q90, 0.489366, 0.296511627906977
Ackerbau_BakedUV_simpL1_qp9_qt10_decompJPEG_712x712_Q25, 0.568154, 0.383720930232557
Ackerbau_BakedUV_simpL1_qp9_qt10_decompJPEG_712x712_Q90, 0.535785, 0.31111111111111
Ackerbau_BakedUV_simpL1_qp9_qt7_decompJPEG_2048x2048_Q75, 0.818925, 0.74404761904762
Ackerbau_BakedUV_simpL1_qp9_qt9_decompJPEG_1440x1440_Q75, 0.572937, 0.395348837209302
Ackerbau_BakedUV_simpL1_qp9_qt9_decompJPEG_1440x1440_Q90, 0.570592, 0.410714285714285
Ackerbau_BakedUV_simpL1_qp9_qt9_decompJPEG_712x712_Q75, 0.581695, 0.392857142857142
Ackerbau_BakedUV_simpL2_qp11_qt8_decompJPEG_512x512_Q50, 0.486488, 0.295454545454545
Ackerbau_BakedUV_simpL2_qp9_qt10_decompJPEG_712x712_Q90, 0.520242, 0.344444444444445
Ackerbau_BakedUV_simpL2_qp9_qt9_decompJPEG_1024x1024_Q75, 0.552452, 0.43452380952381
Ackerbau_BakedUV_simpL2_qp9_qt9_decompJPEG_1024x1024_Q90, 0.548432, 0.366279069767443
Ackerbau_BakedUV_simpL2_qp9_qt9_decompJPEG_712x712_Q50, 0.572263, 0.395348837209302
Ackerbau_BakedUV_simpL3_qp10_qt8_decompJPEG_512x512_Q75, 0.551198, 0.333333333333332
Ackerbau_BakedUV_simpL3_qp11_qt6_decompJPEG_2048x2048_Q25, 0.839197, 0.732142857142858
Ackerbau_BakedUV_simpL3_qp9_qt10_decompJPEG_712x712_Q90, 0.496151, 0.36046511627907
Ackerbau_BakedUV_simpL3_qp9_qt9_decompJPEG_1440x1440_Q90, 0.529235, 0.40340909090909
Ackerbau_BakedUV_simpL3_qp9_qt9_decompJPEG_2048x2048_Q75, 0.536933, 0.4625
Ackerbau_BakedUV_simpL4_qp8_qt9_decompJPEG_512x512_Q75, 0.809311, 0.72093023255814
Ackerbau_BakedUV_simpL5_qp10_qt8_decompJPEG_712x712_Q25, 0.581523, 0.33888888888889
Ackerbau_BakedUV_simpL5_qp8_qt9_decompJPEG_512x512_Q75, 0.810138, 0.647435897435897
Ackerbau_BakedUV_simpL5_qp8_qt9_decompJPEG_512x512_Q90, 0.804785, 0.779761904761905
Ackerbau_BakedUV_simpL6_qp10_qt8_decompJPEG_2048x2048_Q25, 0.591072, 0.363095238095237
Ackerbau_BakedUV_simpL6_qp11_qt8_decompJPEG_512x512_Q90, 0.535461, 0.34090909090909
Ackerbau_BakedUV_simpL6_qp8_qt10_decompJPEG_712x712_Q90, 0.769474, 0.65909090909091
Ackerbau_BakedUV_simpL6_qp9_qt8_decompJPEG_2048x2048_Q75, 0.674308, 0.505681818181817
Ackerbau_BakedUV_simpL7_qp11_qt7_decompJPEG_2048x2048_Q25, 0.799252, 0.607954545454545
Ackerbau_BakedUV_simpL7_qp9_qt8_decompJPEG_1024x1024_Q50, 0.680388, 0.482954545454545
Ackerbau_BakedUV_simpL8_qp11_qt8_decompJPEG_1024x1024_Q10, 0.617645, 0.378048780487805
Ackerbau_BakedUV_simpL9_qp10_qt8_decompJPEG_512x512_Q90, 0.634598, 0.488095238095237
Ackerbau_BakedUV_simpL9_qp9_qt8_decompJPEG_712x712_Q25, 0.706477, 0.522727272727272
Alnus_japonica_398_250k_simpL1_qp10_qt10_decompJPEG_512x512_Q75, 0.220977, 0.180232558139535
Alnus_japonica_398_250k_simpL1_qp8_qt7_decompJPEG_2048x2048_Q25, 0.447598, 0.202380952380953
Alnus_japonica_398_250k_simpL1_qp9_qt10_decompJPEG_1440x1440_Q10, 0.308255, 0.21111111111111
Alnus_japonica_398_250k_simpL1_qp9_qt10_decompJPEG_2048x2048_Q10, 0.265013, 0.133333333333332
Alnus_japonica_398_250k_simpL2_qp10_qt10_decompJPEG_512x512_Q90, 0.194410, 0.125
Alnus_japonica_398_250k_simpL2_qp8_qt7_decompJPEG_512x512_Q50, 0.449905, 0.226190476190478
Alnus_japonica_398_250k_simpL2_qp9_qt8_decompJPEG_512x512_Q10, 0.442599, 0.255681818181817
Alnus_japonica_398_250k_simpL3_qp10_qt10_decompJPEG_512x512_Q50, 0.318536, 0.19767441860465
Alnus_japonica_398_250k_simpL3_qp11_qt7_decompJPEG_1024x1024_Q90, 0.281328, 0.154761904761905
Alnus_japonica_398_250k_simpL3_qp11_qt7_decompJPEG_512x512_Q75, 0.286071, 0.166666666666667
Alnus_japonica_398_250k_simpL3_qp8_qt10_decompJPEG_512x512_Q90, 0.346195, 0.19047619047619
Alnus_japonica_398_250k_simpL3_qp8_qt7_decompJPEG_712x712_Q50, 0.423531, 0.27840909090909
Alnus_japonica_398_250k_simpL3_qp8_qt9_decompJPEG_512x512_Q50, 0.398739, 0.166666666666667
Alnus_japonica_398_250k_simpL3_qp9_qt9_decompJPEG_1440x1440_Q75, 0.200207, 0.116279069767443
Alnus_japonica_398_250k_simpL4_qp11_qt10_decompJPEG_712x712_Q10, 0.441569, 0.30232558139535
Alnus_japonica_398_250k_simpL5_qp10_qt9_decompJPEG_512x512_Q90, 0.248974, 0.122093023255815
Alnus_japonica_398_250k_simpL5_qp9_qt7_decompJPEG_2048x2048_Q25, 0.323934, 0.196428571428573
Alnus_japonica_398_250k_simpL5_qp9_qt8_decompJPEG_1024x1024_Q90, 0.242391, 0.140243902439025
Alnus_japonica_398_250k_simpL5_qp9_qt8_decompJPEG_512x512_Q90, 0.268613, 0.14375
Alnus_japonica_398_250k_simpL6_qp8_qt8_decompJPEG_1024x1024_Q90, 0.343724, 0.164772727272728
Alnus_japonica_398_250k_simpL7_qp10_qt9_decompJPEG_1024x1024_Q75, 0.244631, 0.125
Alnus_japonica_398_250k_simpL7_qp9_qt9_decompJPEG_2048x2048_Q90, 0.264352, 0.0930232558139525
Alnus_japonica_398_250k_simpL8_qp10_qt10_decompJPEG_712x712_Q90, 0.298145, 0.215116279069768
Alnus_japonica_398_250k_simpL8_qp11_qt8_decompJPEG_712x712_Q50, 0.367857, 0.226744186046512
Alnus_japonica_398_250k_simpL8_qp7_qt6_decompJPEG_1024x1024_Q50, 0.644642, 0.4625
Alnus_japonica_398_250k_simpL8_qp7_qt6_decompJPEG_1024x1024_Q75, 0.638247, 0.428571428571427
Alnus_japonica_398_250k_simpL8_qp7_qt6_decompJPEG_1024x1024_Q90, 0.647535, 0.422222222222222
Alnus_japonica_398_250k_simpL8_qp8_qt8_decompJPEG_712x712_Q90, 0.365279, 0.272727272727272
Alnus_japonica_398_250k_simpL8_qp8_qt9_decompJPEG_2048x2048_Q25, 0.354332, 0.21590909090909
Alnus_japonica_398_250k_simpL8_qp9_qt8_decompJPEG_1440x1440_Q25, 0.337819, 0.238372093023255
Alnus_japonica_398_250k_simpL8_qp9_qt8_decompJPEG_1440x1440_Q90, 0.331779, 0.176136363636362
Alnus_japonica_398_250k_simpL8_qp9_qt8_decompJPEG_2048x2048_Q75, 0.333402, 0.181818181818183
Alnus_japonica_398_250k_simpL9_qp11_qt7_decompJPEG_1024x1024_Q75, 0.469753, 0.267857142857142
Alnus_japonica_398_250k_simpL9_qp11_qt7_decompJPEG_1024x1024_Q90, 0.462429, 0.277777777777777
Alnus_japonica_398_250k_simpL9_qp11_qt7_decompJPEG_1440x1440_Q50, 0.466127, 0.28409090909091
Alnus_japonica_398_250k_simpL9_qp11_qt7_decompJPEG_1440x1440_Q90, 0.459249, 0.322222222222223
Alnus_japonica_398_250k_simpL9_qp11_qt7_decompJPEG_2048x2048_Q50, 0.472321, 0.298780487804878
Alnus_japonica_398_250k_simpL9_qp11_qt7_decompJPEG_712x712_Q90, 0.473872, 0.204545454545455
Alnus_japonica_398_250k_simpL9_qp7_qt6_decompJPEG_2048x2048_Q25, 0.739222, 0.427777777777777
Alnus_japonica_398_250k_simpL9_qp7_qt6_decompJPEG_2048x2048_Q90, 0.741135, 0.41860465116279
Alnus_japonica_398_250k_simpL9_qp7_qt6_decompJPEG_512x512_Q75, 0.723148, 0.4
Alnus_japonica_398_250k_simpL9_qp7_qt6_decompJPEG_512x512_Q90, 0.738865, 0.44186046511628
Alnus_japonica_398_250k_simpL9_qp7_qt6_decompJPEG_712x712_Q10, 0.769221, 0.448863636363637
Alnus_japonica_398_250k_simpL9_qp7_qt6_decompJPEG_712x712_Q50, 0.728528, 0.392857142857142
Alnus_japonica_398_250k_simpL9_qp8_qt6_decompJPEG_1024x1024_Q75, 0.669384, 0.33139534883721
Alnus_japonica_398_250k_simpL9_qp8_qt6_decompJPEG_2048x2048_Q50, 0.676519, 0.392857142857142
Alnus_japonica_398_250k_simpL9_qp8_qt6_decompJPEG_2048x2048_Q75, 0.673979, 0.392857142857142
Alnus_japonica_398_250k_simpL9_qp8_qt6_decompJPEG_2048x2048_Q90, 0.679687, 0.31547619047619
Alnus_japonica_398_250k_simpL9_qp8_qt6_decompJPEG_712x712_Q90, 0.672686, 0.30232558139535
Alnus_japonica_398_250k_simpL9_qp8_qt7_decompJPEG_1440x1440_Q90, 0.478793, 0.306818181818183
Alnus_japonica_398_250k_simpL9_qp8_qt7_decompJPEG_2048x2048_Q25, 0.481847, 0.273255813953488
Alnus_japonica_398_250k_simpL9_qp8_qt7_decompJPEG_712x712_Q50, 0.522385, 0.207317073170733
Alnus_japonica_398_250k_simpL9_qp9_qt6_decompJPEG_712x712_Q90, 0.665130, 0.348837209302325
Alnus_japonica_398_250k_simpL9_qp9_qt7_decompJPEG_1440x1440_Q90, 0.461453, 0.267045454545455
balustervase_BakedUV_simpL1_qp10_qt8_decompJPEG_512x512_Q10, 0.657860, 0.571428571428573
balustervase_BakedUV_simpL1_qp10_qt8_decompJPEG_512x512_Q25, 0.583619, 0.5
balustervase_BakedUV_simpL1_qp10_qt8_decompJPEG_712x712_Q10, 0.593264, 0.516666666666667
balustervase_BakedUV_simpL1_qp11_qt8_decompJPEG_512x512_Q25, 0.533422, 0.517441860465118
balustervase_BakedUV_simpL1_qp11_qt8_decompJPEG_712x712_Q10, 0.552540, 0.465116279069767
balustervase_BakedUV_simpL1_qp9_qt7_decompJPEG_2048x2048_Q10, 0.729676, 0.819767441860465
balustervase_BakedUV_simpL10_qp10_qt7_decompJPEG_1024x1024_Q90, 0.315270, 0.40909090909091
balustervase_BakedUV_simpL10_qp11_qt10_decompJPEG_1440x1440_Q75, 0.263430, 0.329545454545455
balustervase_BakedUV_simpL10_qp11_qt10_decompJPEG_2048x2048_Q75, 0.232476, 0.36046511627907
balustervase_BakedUV_simpL10_qp11_qt6_decompJPEG_1024x1024_Q50, 0.431970, 0.4
balustervase_BakedUV_simpL10_qp11_qt7_decompJPEG_2048x2048_Q75, 0.319260, 0.36046511627907
balustervase_BakedUV_simpL10_qp7_qt6_decompJPEG_1024x1024_Q25, 0.457067, 0.511363636363637
balustervase_BakedUV_simpL10_qp7_qt6_decompJPEG_1440x1440_Q10, 0.501937, 0.463414634146343
balustervase_BakedUV_simpL10_qp7_qt6_decompJPEG_712x712_Q50, 0.474429, 0.517441860465118
balustervase_BakedUV_simpL10_qp8_qt6_decompJPEG_1024x1024_Q50, 0.442233, 0.448863636363637
balustervase_BakedUV_simpL10_qp8_qt6_decompJPEG_1440x1440_Q10, 0.502808, 0.48170731707317
balustervase_BakedUV_simpL10_qp8_qt6_decompJPEG_2048x2048_Q25, 0.441014, 0.45
balustervase_BakedUV_simpL10_qp8_qt6_decompJPEG_512x512_Q25, 0.584742, 0.49390243902439
balustervase_BakedUV_simpL10_qp8_qt6_decompJPEG_512x512_Q50, 0.514732, 0.50609756097561
balustervase_BakedUV_simpL10_qp8_qt6_decompJPEG_512x512_Q75, 0.490796, 0.43452380952381
balustervase_BakedUV_simpL10_qp8_qt6_decompJPEG_712x712_Q10, 0.613542, 0.53048780487805
balustervase_BakedUV_simpL10_qp8_qt6_decompJPEG_712x712_Q25, 0.503813, 0.45625
balustervase_BakedUV_simpL10_qp8_qt6_decompJPEG_712x712_Q50, 0.476424, 0.431818181818183
balustervase_BakedUV_simpL10_qp8_qt6_decompJPEG_712x712_Q75, 0.465984, 0.463414634146343
balustervase_BakedUV_simpL10_qp9_qt10_decompJPEG_1024x1024_Q75, 0.243058, 0.357954545454545
balustervase_BakedUV_simpL10_qp9_qt10_decompJPEG_1440x1440_Q25, 0.284907, 0.453488372093023
balustervase_BakedUV_simpL10_qp9_qt10_decompJPEG_1440x1440_Q75, 0.268932, 0.383720930232557
balustervase_BakedUV_simpL10_qp9_qt10_decompJPEG_1440x1440_Q90, 0.266366, 0.445121951219512
balustervase_BakedUV_simpL10_qp9_qt7_decompJPEG_1440x1440_Q90, 0.336100, 0.49404761904762
balustervase_BakedUV_simpL10_qp9_qt7_decompJPEG_2048x2048_Q75, 0.312925, 0.416666666666668
balustervase_BakedUV_simpL2_qp10_qt8_decompJPEG_512x512_Q25, 0.585297, 0.50595238095238
balustervase_BakedUV_simpL2_qp11_qt8_decompJPEG_712x712_Q10, 0.555984, 0.488095238095237
balustervase_BakedUV_simpL2_qp8_qt10_decompJPEG_1440x1440_Q90, 0.650746, 0.720238095238095
balustervase_BakedUV_simpL3_qp10_qt8_decompJPEG_512x512_Q10, 0.648414, 0.551282051282053
balustervase_BakedUV_simpL3_qp10_qt8_decompJPEG_512x512_Q25, 0.570607, 0.546511627906977
balustervase_BakedUV_simpL3_qp10_qt8_decompJPEG_712x712_Q10, 0.577513, 0.51111111111111
balustervase_BakedUV_simpL3_qp11_qt8_decompJPEG_512x512_Q25, 0.530962, 0.4625
balustervase_BakedUV_simpL3_qp11_qt8_decompJPEG_512x512_Q50, 0.508380, 0.430232558139535
balustervase_BakedUV_simpL3_qp8_qt10_decompJPEG_512x512_Q50, 0.677172, 0.681818181818183
balustervase_BakedUV_simpL4_qp10_qt6_decompJPEG_512x512_Q25, 0.797725, 0.912790697674418
balustervase_BakedUV_simpL4_qp11_qt8_decompJPEG_712x712_Q10, 0.548518, 0.488372093023255
balustervase_BakedUV_simpL4_qp8_qt10_decompJPEG_512x512_Q25, 0.689786, 0.6875
balustervase_BakedUV_simpL4_qp8_qt9_decompJPEG_712x712_Q50, 0.666517, 0.69767441860465
balustervase_BakedUV_simpL5_qp8_qt7_decompJPEG_512x512_Q10, 0.799984, 0.857954545454545
balustervase_BakedUV_simpL5_qp8_qt8_decompJPEG_512x512_Q75, 0.715743, 0.676136363636363
balustervase_BakedUV_simpL5_qp8_qt9_decompJPEG_1440x1440_Q90, 0.678944, 0.702380952380953
balustervase_BakedUV_simpL6_qp10_qt10_decompJPEG_512x512_Q25, 0.361611, 0.222222222222223
balustervase_BakedUV_simpL6_qp8_qt10_decompJPEG_512x512_Q50, 0.633631, 0.672619047619047
balustervase_BakedUV_simpL6_qp8_qt7_decompJPEG_712x712_Q10, 0.797055, 0.84659090909091
balustervase_BakedUV_simpL8_qp8_qt7_decompJPEG_1440x1440_Q90, 0.766514, 0.829545454545455
balustervase_BakedUV_simpL8_qp8_qt8_decompJPEG_1440x1440_Q25, 0.572445, 0.627906976744185
balustervase_BakedUV_simpL9_qp11_qt7_decompJPEG_2048x2048_Q10, 0.496132, 0.448863636363637
balustervase_BakedUV_simpL9_qp11_qt7_decompJPEG_512x512_Q25, 0.551033, 0.45
balustervase_BakedUV_simpL9_qp7_qt8_decompJPEG_512x512_Q50, 0.691906, 0.854651162790698
balustervase_BakedUV_simpL9_qp8_qt7_decompJPEG_512x512_Q50, 0.643374, 0.625
bike_bakedUV2_simpL1_qp10_qt10_decompJPEG_712x712_Q50, 0.258649, 0.237179487179487
bike_bakedUV2_simpL1_qp10_qt6_decompJPEG_1440x1440_Q75, 0.469461, 0.51875
bike_bakedUV2_simpL1_qp10_qt6_decompJPEG_1440x1440_Q90, 0.470694, 0.55952380952381
bike_bakedUV2_simpL1_qp11_qt10_decompJPEG_1024x1024_Q75, 0.174682, 0.0813953488372099
bike_bakedUV2_simpL1_qp11_qt10_decompJPEG_2048x2048_Q90, 0.138314, 0.0511363636363624
bike_bakedUV2_simpL1_qp11_qt6_decompJPEG_1024x1024_Q50, 0.459094, 0.585526315789472
bike_bakedUV2_simpL1_qp11_qt6_decompJPEG_1440x1440_Q50, 0.455317, 0.43452380952381
bike_bakedUV2_simpL1_qp11_qt6_decompJPEG_1440x1440_Q75, 0.452464, 0.540697674418605
bike_bakedUV2_simpL1_qp11_qt6_decompJPEG_1440x1440_Q90, 0.455084, 0.523255813953488
bike_bakedUV2_simpL1_qp11_qt6_decompJPEG_512x512_Q75, 0.464053, 0.47093023255814
bike_bakedUV2_simpL1_qp11_qt6_decompJPEG_712x712_Q25, 0.471859, 0.544444444444445
bike_bakedUV2_simpL1_qp11_qt6_decompJPEG_712x712_Q75, 0.455560, 0.579545454545455
bike_bakedUV2_simpL1_qp11_qt7_decompJPEG_1440x1440_Q90, 0.316631, 0.31547619047619
bike_bakedUV2_simpL1_qp8_qt6_decompJPEG_2048x2048_Q10, 0.629134, 0.672619047619047
bike_bakedUV2_simpL1_qp9_qt6_decompJPEG_1440x1440_Q75, 0.492526, 0.607142857142858
bike_bakedUV2_simpL2_qp10_qt6_decompJPEG_1440x1440_Q25, 0.476226, 0.458333333333332
bike_bakedUV2_simpL2_qp10_qt6_decompJPEG_1440x1440_Q90, 0.473811, 0.494186046511627
bike_bakedUV2_simpL2_qp11_qt10_decompJPEG_512x512_Q90, 0.238828, 0.261627906976745
bike_bakedUV2_simpL2_qp11_qt6_decompJPEG_1440x1440_Q75, 0.456948, 0.48888888888889
bike_bakedUV2_simpL2_qp11_qt6_decompJPEG_1440x1440_Q90, 0.458182, 0.428571428571427
bike_bakedUV2_simpL2_qp8_qt6_decompJPEG_2048x2048_Q10, 0.631669, 0.701219512195122
bike_bakedUV2_simpL3_qp10_qt10_decompJPEG_712x712_Q75, 0.239209, 0.151162790697675
bike_bakedUV2_simpL3_qp10_qt6_decompJPEG_1440x1440_Q75, 0.483502, 0.575
bike_bakedUV2_simpL3_qp10_qt6_decompJPEG_1440x1440_Q90, 0.484061, 0.482142857142858
bike_bakedUV2_simpL3_qp10_qt9_decompJPEG_2048x2048_Q90, 0.188221, 0.125
bike_bakedUV2_simpL3_qp10_qt9_decompJPEG_512x512_Q90, 0.273393, 0.273255813953488
bike_bakedUV2_simpL3_qp11_qt10_decompJPEG_512x512_Q90, 0.245610, 0.24375
bike_bakedUV2_simpL3_qp11_qt10_decompJPEG_712x712_Q50, 0.253848, 0.198863636363638
bike_bakedUV2_simpL3_qp11_qt6_decompJPEG_1440x1440_Q90, 0.466275, 0.55625
bike_bakedUV2_simpL3_qp11_qt6_decompJPEG_512x512_Q75, 0.474614, 0.5625
bike_bakedUV2_simpL3_qp11_qt9_decompJPEG_1440x1440_Q25, 0.218290, 0.104651162790697
bike_bakedUV2_simpL3_qp8_qt6_decompJPEG_512x512_Q25, 0.643469, 0.686046511627908
bike_bakedUV2_simpL3_qp9_qt6_decompJPEG_2048x2048_Q10, 0.526847, 0.571428571428573
bike_bakedUV2_simpL4_qp11_qt6_decompJPEG_1440x1440_Q75, 0.474114, 0.488095238095237
bike_bakedUV2_simpL4_qp11_qt9_decompJPEG_1024x1024_Q25, 0.264574, 0.255555555555555
bike_bakedUV2_simpL4_qp11_qt9_decompJPEG_2048x2048_Q90, 0.188106, 0.15909090909091
bike_bakedUV2_simpL4_qp8_qt6_decompJPEG_1024x1024_Q75, 0.613470, 0.672619047619047
bike_bakedUV2_simpL4_qp8_qt6_decompJPEG_1440x1440_Q75, 0.611758, 0.69767441860465
bike_bakedUV2_simpL4_qp8_qt6_decompJPEG_2048x2048_Q25, 0.615216, 0.725
bike_bakedUV2_simpL4_qp9_qt6_decompJPEG_1440x1440_Q10, 0.522529, 0.658536585365852
bike_bakedUV2_simpL4_qp9_qt6_decompJPEG_1440x1440_Q75, 0.505630, 0.573863636363637
bike_bakedUV2_simpL4_qp9_qt6_decompJPEG_1440x1440_Q90, 0.506077, 0.607142857142858
bike_bakedUV2_simpL4_qp9_qt6_decompJPEG_2048x2048_Q10, 0.525911, 0.652439024390245
bike_bakedUV2_simpL4_qp9_qt6_decompJPEG_512x512_Q25, 0.549679, 0.6
bike_bakedUV2_simpL5_qp11_qt6_decompJPEG_1440x1440_Q75, 0.502966, 0.529761904761905
bike_bakedUV2_simpL5_qp8_qt6_decompJPEG_2048x2048_Q10, 0.659682, 0.70625
bike_bakedUV2_simpL5_qp8_qt6_decompJPEG_512x512_Q25, 0.684379, 0.73888888888889
bike_bakedUV2_simpL5_qp8_qt6_decompJPEG_512x512_Q75, 0.645425, 0.773255813953488
bike_bakedUV2_simpL5_qp8_qt6_decompJPEG_512x512_Q90, 0.645149, 0.69186046511628
bike_bakedUV2_simpL5_qp8_qt6_decompJPEG_712x712_Q90, 0.634060, 0.71875
bike_bakedUV2_simpL5_qp9_qt6_decompJPEG_2048x2048_Q10, 0.547956, 0.61046511627907
bike_bakedUV2_simpL6_qp9_qt6_decompJPEG_1024x1024_Q25, 0.529487, 0.619318181818183
bike_bakedUV2_simpL7_qp8_qt6_decompJPEG_2048x2048_Q90, 0.591843, 0.710227272727272
CopticBookModel_simpL1_qp7_qt10_decompJPEG_1440x1440_Q75, 0.593565, 0.9625
CopticBookModel_simpL1_qp8_qt9_decompJPEG_712x712_Q75, 0.382503, 0.517857142857142
CopticBookModel_simpL10_qp10_qt7_decompJPEG_2048x2048_Q90, 0.572246, 0.660714285714285
CopticBookModel_simpL10_qp7_qt8_decompJPEG_512x512_Q10, 0.774044, 0.845238095238095
CopticBookModel_simpL10_qp8_qt8_decompJPEG_2048x2048_Q75, 0.568811, 0.664772727272728
CopticBookModel_simpL10_qp8_qt8_decompJPEG_712x712_Q75, 0.589489, 0.704545454545455
CopticBookModel_simpL2_qp11_qt6_decompJPEG_512x512_Q50, 0.424740, 0.511627906976745
CopticBookModel_simpL2_qp7_qt10_decompJPEG_2048x2048_Q25, 0.605972, 0.88953488372093
CopticBookModel_simpL2_qp7_qt8_decompJPEG_1440x1440_Q75, 0.604605, 0.88888888888889
CopticBookModel_simpL2_qp9_qt6_decompJPEG_1024x1024_Q50, 0.445307, 0.6375
CopticBookModel_simpL2_qp9_qt7_decompJPEG_1024x1024_Q25, 0.325272, 0.38953488372093
CopticBookModel_simpL3_qp10_qt7_decompJPEG_512x512_Q50, 0.274456, 0.267857142857142
CopticBookModel_simpL3_qp11_qt10_decompJPEG_712x712_Q10, 0.354104, 0.26875
CopticBookModel_simpL3_qp11_qt9_decompJPEG_1024x1024_Q10, 0.280500, 0.11904761904762
CopticBookModel_simpL3_qp8_qt9_decompJPEG_712x712_Q25, 0.411954, 0.577380952380953
CopticBookModel_simpL4_qp10_qt9_decompJPEG_1440x1440_Q25, 0.161058, 0.201219512195123
CopticBookModel_simpL5_qp9_qt10_decompJPEG_512x512_Q10, 0.450411, 0.436046511627908
CopticBookModel_simpL6_qp10_qt8_decompJPEG_712x712_Q75, 0.222335, 0.21875
CopticBookModel_simpL6_qp8_qt10_decompJPEG_2048x2048_Q75, 0.292651, 0.453488372093023
CopticBookModel_simpL6_qp8_qt9_decompJPEG_1440x1440_Q50, 0.317214, 0.477272727272728
CopticBookModel_simpL6_qp9_qt9_decompJPEG_1440x1440_Q50, 0.213192, 0.244186046511627
CopticBookModel_simpL7_qp10_qt6_decompJPEG_1024x1024_Q75, 0.499030, 0.68452380952381
CopticBookModel_simpL7_qp10_qt6_decompJPEG_1440x1440_Q10, 0.532668, 0.732954545454545
CopticBookModel_simpL7_qp10_qt7_decompJPEG_512x512_Q90, 0.318385, 0.425
CopticBookModel_simpL7_qp10_qt8_decompJPEG_512x512_Q25, 0.363717, 0.354651162790698
CopticBookModel_simpL7_qp8_qt6_decompJPEG_1024x1024_Q75, 0.537592, 0.680232558139535
CopticBookModel_simpL7_qp8_qt6_decompJPEG_1440x1440_Q10, 0.565274, 0.75595238095238
CopticBookModel_simpL7_qp8_qt6_decompJPEG_2048x2048_Q10, 0.553311, 0.76875
CopticBookModel_simpL7_qp8_qt7_decompJPEG_1024x1024_Q75, 0.397272, 0.59090909090909
CopticBookModel_simpL8_qp11_qt10_decompJPEG_1024x1024_Q90, 0.206360, 0.25609756097561
CopticBookModel_simpL8_qp9_qt10_decompJPEG_1440x1440_Q90, 0.242234, 0.296511627906977
CopticBookModel_simpL8_qp9_qt10_decompJPEG_512x512_Q75, 0.284530, 0.426136363636363
CopticBookModel_simpL8_qp9_qt7_decompJPEG_512x512_Q75, 0.368644, 0.583333333333332
CopticBookModel_simpL8_qp9_qt9_decompJPEG_1024x1024_Q10, 0.395146, 0.431818181818183
CopticBookModel_simpL8_qp9_qt9_decompJPEG_1440x1440_Q50, 0.247805, 0.335227272727272
CopticBookModel_simpL9_qp10_qt6_decompJPEG_2048x2048_Q75, 0.517549, 0.732142857142858
CopticBookModel_simpL9_qp10_qt6_decompJPEG_2048x2048_Q90, 0.516066, 0.744318181818183
CopticBookModel_simpL9_qp10_qt8_decompJPEG_1440x1440_Q90, 0.315535, 0.46590909090909
CopticBookModel_simpL9_qp10_qt9_decompJPEG_2048x2048_Q50, 0.283730, 0.446428571428573
CopticBookModel_simpL9_qp11_qt10_decompJPEG_1024x1024_Q90, 0.269922, 0.36904761904762
CopticBookModel_simpL9_qp11_qt6_decompJPEG_1024x1024_Q75, 0.509046, 0.710227272727272
CopticBookModel_simpL9_qp11_qt6_decompJPEG_2048x2048_Q50, 0.507215, 0.766666666666667
CopticBookModel_simpL9_qp11_qt6_decompJPEG_2048x2048_Q90, 0.510497, 0.738095238095237
CopticBookModel_simpL9_qp11_qt7_decompJPEG_1024x1024_Q90, 0.372636, 0.555555555555555
CopticBookModel_simpL9_qp8_qt8_decompJPEG_712x712_Q50, 0.374876, 0.541666666666668
CopticBookModel_simpL9_qp9_qt10_decompJPEG_712x712_Q25, 0.377542, 0.476744186046512
CopticBookModel_simpL9_qp9_qt6_decompJPEG_2048x2048_Q25, 0.524868, 0.75
CopticBookModel_simpL9_qp9_qt6_decompJPEG_2048x2048_Q50, 0.516569, 0.726744186046512
CopticBookModel_simpL9_qp9_qt6_decompJPEG_2048x2048_Q75, 0.520285, 0.722222222222223
CopticBookModel_simpL9_qp9_qt6_decompJPEG_2048x2048_Q90, 0.517567, 0.767045454545455
CopticBookModel_simpL9_qp9_qt6_decompJPEG_712x712_Q75, 0.516637, 0.704545454545455
CopticBookModel_simpL9_qp9_qt7_decompJPEG_712x712_Q50, 0.402413, 0.548780487804878
CopticBookModel_simpL9_qp9_qt7_decompJPEG_712x712_Q90, 0.387251, 0.546511627906977
CopticBookModel_simpL9_qp9_qt8_decompJPEG_1024x1024_Q25, 0.340129, 0.505813953488373
load_objects_simpL1_qp10_qt10_decompJPEG_1024x1024_Q75, 0.373320, 0.25
load_objects_simpL1_qp10_qt6_decompJPEG_712x712_Q75, 0.509848, 0.34659090909091
load_objects_simpL1_qp8_qt7_decompJPEG_2048x2048_Q10, 0.924823, 0.852564102564102
load_objects_simpL1_qp9_qt10_decompJPEG_2048x2048_Q10, 0.667405, 0.47159090909091
load_objects_simpL1_qp9_qt6_decompJPEG_1440x1440_Q25, 0.690184, 0.583333333333332
load_objects_simpL1_qp9_qt6_decompJPEG_2048x2048_Q25, 0.689228, 0.61875
load_objects_simpL1_qp9_qt8_decompJPEG_712x712_Q25, 0.658667, 0.5
load_objects_simpL10_qp7_qt6_decompJPEG_1440x1440_Q10, 0.809169, 0.7625
load_objects_simpL10_qp7_qt8_decompJPEG_1440x1440_Q75, 0.667663, 0.715116279069767
load_objects_simpL10_qp8_qt10_decompJPEG_512x512_Q50, 0.723069, 0.75
load_objects_simpL10_qp8_qt8_decompJPEG_1440x1440_Q25, 0.679418, 0.69047619047619
load_objects_simpL10_qp9_qt6_decompJPEG_512x512_Q50, 0.780661, 0.720238095238095
load_objects_simpL2_qp8_qt6_decompJPEG_1440x1440_Q10, 0.922984, 0.80813953488372
load_objects_simpL2_qp8_qt6_decompJPEG_2048x2048_Q10, 0.921641, 0.80952380952381
load_objects_simpL3_qp8_qt10_decompJPEG_2048x2048_Q10, 0.886030, 0.794444444444445
load_objects_simpL3_qp8_qt10_decompJPEG_512x512_Q10, 0.900669, 0.806818181818183
load_objects_simpL3_qp8_qt7_decompJPEG_1024x1024_Q25, 0.895747, 0.77840909090909
load_objects_simpL3_qp8_qt7_decompJPEG_1440x1440_Q25, 0.892219, 0.7875
load_objects_simpL3_qp8_qt7_decompJPEG_2048x2048_Q75, 0.892887, 0.77906976744186
load_objects_simpL3_qp9_qt10_decompJPEG_1440x1440_Q90, 0.589830, 0.494186046511627
load_objects_simpL3_qp9_qt10_decompJPEG_512x512_Q50, 0.631481, 0.44047619047619
load_objects_simpL4_qp8_qt10_decompJPEG_512x512_Q10, 0.879533, 0.81875
load_objects_simpL4_qp8_qt6_decompJPEG_2048x2048_Q90, 0.873704, 0.813953488372092
load_objects_simpL4_qp8_qt8_decompJPEG_2048x2048_Q10, 0.852315, 0.75
load_objects_simpL4_qp8_qt9_decompJPEG_1024x1024_Q25, 0.852322, 0.77906976744186
load_objects_simpL5_qp8_qt10_decompJPEG_1024x1024_Q50, 0.820980, 0.763157894736842
load_objects_simpL5_qp8_qt6_decompJPEG_1440x1440_Q25, 0.863347, 0.686046511627908
load_objects_simpL5_qp8_qt6_decompJPEG_2048x2048_Q25, 0.864961, 0.797619047619047
load_objects_simpL5_qp8_qt7_decompJPEG_1440x1440_Q25, 0.839242, 0.76219512195122
load_objects_simpL6_qp7_qt10_decompJPEG_1440x1440_Q90, 0.955791, 0.976190476190475
load_objects_simpL6_qp7_qt7_decompJPEG_1440x1440_Q75, 0.964620, 0.952380952380953
load_objects_simpL6_qp8_qt6_decompJPEG_1440x1440_Q10, 0.832935, 0.720238095238095
load_objects_simpL6_qp8_qt6_decompJPEG_512x512_Q90, 0.834653, 0.761627906976745
load_objects_simpL6_qp8_qt7_decompJPEG_512x512_Q10, 0.822609, 0.78409090909091
load_objects_simpL6_qp9_qt6_decompJPEG_2048x2048_Q75, 0.600467, 0.41875
load_objects_simpL6_qp9_qt9_decompJPEG_712x712_Q25, 0.532874, 0.35625
load_objects_simpL7_qp7_qt10_decompJPEG_1440x1440_Q90, 0.930616, 0.960227272727272
load_objects_simpL7_qp7_qt10_decompJPEG_2048x2048_Q90, 0.929802, 0.951219512195123
load_objects_simpL7_qp7_qt6_decompJPEG_2048x2048_Q90, 0.942354, 0.959302325581395
load_objects_simpL7_qp7_qt9_decompJPEG_2048x2048_Q90, 0.931225, 0.926136363636362
load_objects_simpL7_qp8_qt6_decompJPEG_1024x1024_Q10, 0.794914, 0.662790697674417
load_objects_simpL7_qp8_qt6_decompJPEG_2048x2048_Q25, 0.808323, 0.65340909090909
load_objects_simpL7_qp8_qt7_decompJPEG_1024x1024_Q10, 0.784741, 0.634146341463415
load_objects_simpL7_qp8_qt8_decompJPEG_1024x1024_Q10, 0.776115, 0.702380952380953
load_objects_simpL7_qp8_qt9_decompJPEG_2048x2048_Q10, 0.754624, 0.674418604651163
load_objects_simpL7_qp9_qt6_decompJPEG_2048x2048_Q50, 0.596123, 0.43452380952381
load_objects_simpL8_qp8_qt10_decompJPEG_1024x1024_Q25, 0.705900, 0.61046511627907
load_objects_simpL8_qp8_qt10_decompJPEG_2048x2048_Q10, 0.684347, 0.647727272727272
load_objects_simpL8_qp8_qt10_decompJPEG_512x512_Q90, 0.715890, 0.627777777777778
load_objects_simpL8_qp8_qt6_decompJPEG_1440x1440_Q25, 0.768726, 0.601190476190475
load_objects_simpL8_qp8_qt9_decompJPEG_2048x2048_Q10, 0.689087, 0.6875
load_objects_simpL9_qp7_qt6_decompJPEG_2048x2048_Q10, 0.895189, 0.875
load_objects_simpL9_qp9_qt6_decompJPEG_2048x2048_Q90, 0.573245, 0.375
mask-from-madang-province_simpL1_qp10_qt10_decompJPEG_712x712_Q10, 0.338445, 0.176829268292682
mask-from-madang-province_simpL1_qp10_qt7_decompJPEG_512x512_Q25, 0.644100, 0.857142857142857
mask-from-madang-province_simpL1_qp7_qt6_decompJPEG_512x512_Q10, 0.954926, 0.957317073170733
mask-from-madang-province_simpL1_qp7_qt9_decompJPEG_512x512_Q10, 0.858103, 0.91875
mask-from-madang-province_simpL1_qp8_qt7_decompJPEG_712x712_Q50, 0.715583, 0.807692307692307
mask-from-madang-province_simpL1_qp8_qt8_decompJPEG_1440x1440_Q10, 0.569697, 0.54375
mask-from-madang-province_simpL1_qp8_qt8_decompJPEG_512x512_Q10, 0.643685, 0.646341463414635
mask-from-madang-province_simpL1_qp9_qt10_decompJPEG_2048x2048_Q10, 0.374524, 0.3
mask-from-madang-province_simpL1_qp9_qt8_decompJPEG_512x512_Q25, 0.482131, 0.465116279069767
mask-from-madang-province_simpL1_qp9_qt9_decompJPEG_712x712_Q75, 0.388733, 0.380681818181817
mask-from-madang-province_simpL10_qp7_qt8_decompJPEG_1024x1024_Q90, 0.594300, 0.681818181818183
mask-from-madang-province_simpL10_qp9_qt9_decompJPEG_1024x1024_Q25, 0.580403, 0.708333333333332
mask-from-madang-province_simpL2_qp10_qt8_decompJPEG_1024x1024_Q50, 0.375662, 0.41860465116279
mask-from-madang-province_simpL2_qp10_qt8_decompJPEG_512x512_Q10, 0.485033, 0.52840909090909
mask-from-madang-province_simpL2_qp11_qt7_decompJPEG_1024x1024_Q75, 0.664057, 0.825581395348838
mask-from-madang-province_simpL2_qp11_qt7_decompJPEG_2048x2048_Q90, 0.675641, 0.77906976744186
mask-from-madang-province_simpL2_qp11_qt8_decompJPEG_1024x1024_Q10, 0.403783, 0.44186046511628
mask-from-madang-province_simpL2_qp7_qt7_decompJPEG_712x712_Q10, 0.896880, 0.954545454545455
mask-from-madang-province_simpL2_qp7_qt9_decompJPEG_712x712_Q10, 0.815081, 0.883720930232557
mask-from-madang-province_simpL2_qp8_qt7_decompJPEG_512x512_Q10, 0.748796, 0.8125
mask-from-madang-province_simpL2_qp9_qt8_decompJPEG_1440x1440_Q10, 0.484009, 0.517045454545455
mask-from-madang-province_simpL2_qp9_qt9_decompJPEG_712x712_Q10, 0.471045, 0.378048780487805
mask-from-madang-province_simpL2_qp9_qt9_decompJPEG_712x712_Q75, 0.385962, 0.323170731707317
mask-from-madang-province_simpL3_qp10_qt8_decompJPEG_2048x2048_Q10, 0.397532, 0.482142857142858
mask-from-madang-province_simpL3_qp11_qt7_decompJPEG_1024x1024_Q75, 0.646142, 0.775
mask-from-madang-province_simpL3_qp11_qt7_decompJPEG_2048x2048_Q90, 0.658337, 0.761627906976745
mask-from-madang-province_simpL3_qp11_qt8_decompJPEG_1440x1440_Q10, 0.379405, 0.476190476190475
mask-from-madang-province_simpL3_qp11_qt8_decompJPEG_2048x2048_Q10, 0.371067, 0.4
mask-from-madang-province_simpL3_qp8_qt10_decompJPEG_512x512_Q10, 0.584098, 0.56875
mask-from-madang-province_simpL3_qp9_qt8_decompJPEG_1440x1440_Q25, 0.457830, 0.517045454545455
mask-from-madang-province_simpL4_qp8_qt9_decompJPEG_2048x2048_Q10, 0.478066, 0.55952380952381
mask-from-madang-province_simpL5_qp10_qt8_decompJPEG_712x712_Q10, 0.435830, 0.458333333333332
mask-from-madang-province_simpL5_qp11_qt7_decompJPEG_1440x1440_Q75, 0.613172, 0.78409090909091
mask-from-madang-province_simpL5_qp8_qt10_decompJPEG_2048x2048_Q75, 0.422055, 0.5
mask-from-madang-province_simpL5_qp8_qt8_decompJPEG_712x712_Q10, 0.591340, 0.704545454545455
mask-from-madang-province_simpL5_qp8_qt8_decompJPEG_712x712_Q90, 0.535765, 0.625
mask-from-madang-province_simpL5_qp9_qt9_decompJPEG_1024x1024_Q10, 0.404721, 0.322222222222223
mask-from-madang-province_simpL5_qp9_qt9_decompJPEG_712x712_Q10, 0.430893, 0.310975609756098
mask-from-madang-province_simpL6_qp10_qt6_decompJPEG_512x512_Q10, 0.812528, 0.848837209302325
mask-from-madang-province_simpL6_qp10_qt7_decompJPEG_1440x1440_Q10, 0.606639, 0.806818181818183
mask-from-madang-province_simpL6_qp10_qt8_decompJPEG_512x512_Q25, 0.384245, 0.28048780487805
mask-from-madang-province_simpL6_qp10_qt8_decompJPEG_712x712_Q10, 0.429820, 0.46590909090909
mask-from-madang-province_simpL6_qp7_qt7_decompJPEG_2048x2048_Q75, 0.847303, 0.958333333333332
mask-from-madang-province_simpL7_qp10_qt7_decompJPEG_2048x2048_Q10, 0.589305, 0.790697674418605
mask-from-madang-province_simpL7_qp7_qt7_decompJPEG_512x512_Q50, 0.788890, 0.883720930232557
mask-from-madang-province_simpL7_qp8_qt10_decompJPEG_512x512_Q10, 0.599590, 0.61046511627907
mask-from-madang-province_simpL7_qp9_qt10_decompJPEG_512x512_Q10, 0.437620, 0.448863636363637
mask-from-madang-province_simpL7_qp9_qt7_decompJPEG_1440x1440_Q10, 0.625645, 0.75595238095238
mask-from-madang-province_simpL8_qp11_qt7_decompJPEG_1440x1440_Q25, 0.553431, 0.725
mask-from-madang-province_simpL8_qp8_qt8_decompJPEG_1024x1024_Q50, 0.506097, 0.477272727272728
mask-from-madang-province_simpL8_qp8_qt9_decompJPEG_712x712_Q10, 0.534737, 0.516666666666667
mask-from-madang-province_simpL8_qp9_qt6_decompJPEG_2048x2048_Q10, 0.809697, 0.845238095238095
mask-from-madang-province_simpL9_qp10_qt7_decompJPEG_512x512_Q50, 0.563767, 0.50625
mask-from-madang-province_simpL9_qp7_qt8_decompJPEG_512x512_Q90, 0.614312, 0.76111111111111
mask-from-madang-province_simpL9_qp7_qt9_decompJPEG_512x512_Q25, 0.638382, 0.767857142857143
mask-from-madang-province_simpL9_qp8_qt7_decompJPEG_512x512_Q90, 0.619845, 0.674418604651163
mask-from-madang-province_simpL9_qp8_qt8_decompJPEG_1024x1024_Q25, 0.436506, 0.430232558139535
mask-from-madang-province_simpL9_qp8_qt8_decompJPEG_512x512_Q10, 0.604097, 0.605263157894738
mask-from-madang-province_simpL9_qp8_qt8_decompJPEG_512x512_Q25, 0.489412, 0.505681818181817
mask-from-madang-province_simpL9_qp9_qt8_decompJPEG_512x512_Q10, 0.540730, 0.546511627906977
pizza_bakedUV_simpL1_qp10_qt10_decompJPEG_512x512_Q25, 0.416125, 0.323170731707317
pizza_bakedUV_simpL1_qp11_qt10_decompJPEG_512x512_Q25, 0.413216, 0.290697674418605
pizza_bakedUV_simpL1_qp11_qt10_decompJPEG_512x512_Q50, 0.367632, 0.232954545454545
pizza_bakedUV_simpL1_qp11_qt10_decompJPEG_512x512_Q75, 0.315146, 0.255681818181817
pizza_bakedUV_simpL1_qp11_qt9_decompJPEG_512x512_Q50, 0.367189, 0.2625
pizza_bakedUV_simpL1_qp7_qt7_decompJPEG_2048x2048_Q25, 0.544883, 0.636363636363637
pizza_bakedUV_simpL1_qp7_qt7_decompJPEG_712x712_Q10, 0.614143, 0.716666666666667
pizza_bakedUV_simpL10_qp11_qt8_decompJPEG_512x512_Q90, 0.672206, 0.857954545454545
pizza_bakedUV_simpL10_qp7_qt9_decompJPEG_1024x1024_Q90, 0.637213, 0.948863636363638
pizza_bakedUV_simpL2_qp10_qt10_decompJPEG_712x712_Q50, 0.297982, 0.166666666666667
pizza_bakedUV_simpL2_qp10_qt9_decompJPEG_712x712_Q50, 0.302193, 0.202380952380953
pizza_bakedUV_simpL2_qp11_qt10_decompJPEG_512x512_Q25, 0.421681, 0.30232558139535
pizza_bakedUV_simpL2_qp11_qt10_decompJPEG_512x512_Q50, 0.377035, 0.255681818181817
pizza_bakedUV_simpL2_qp11_qt10_decompJPEG_512x512_Q75, 0.321143, 0.232142857142857
pizza_bakedUV_simpL2_qp7_qt9_decompJPEG_1440x1440_Q50, 0.457823, 0.65340909090909
pizza_bakedUV_simpL2_qp8_qt8_decompJPEG_2048x2048_Q50, 0.325581, 0.303571428571427
pizza_bakedUV_simpL2_qp9_qt6_decompJPEG_512x512_Q50, 0.647658, 0.575581395348837
pizza_bakedUV_simpL2_qp9_qt7_decompJPEG_1024x1024_Q90, 0.388753, 0.289772727272728
pizza_bakedUV_simpL3_qp10_qt10_decompJPEG_1024x1024_Q10, 0.417835, 0.344444444444445
pizza_bakedUV_simpL3_qp11_qt8_decompJPEG_2048x2048_Q90, 0.244661, 0.18125
pizza_bakedUV_simpL3_qp9_qt10_decompJPEG_512x512_Q10, 0.569846, 0.51875
pizza_bakedUV_simpL4_qp10_qt10_decompJPEG_712x712_Q25, 0.366880, 0.273809523809525
pizza_bakedUV_simpL4_qp11_qt10_decompJPEG_712x712_Q50, 0.314484, 0.267045454545455
pizza_bakedUV_simpL4_qp11_qt9_decompJPEG_712x712_Q25, 0.373468, 0.267441860465118
pizza_bakedUV_simpL4_qp8_qt10_decompJPEG_712x712_Q25, 0.413258, 0.33888888888889
pizza_bakedUV_simpL4_qp9_qt8_decompJPEG_512x512_Q50, 0.409666, 0.357954545454545
pizza_bakedUV_simpL5_qp10_qt8_decompJPEG_1440x1440_Q25, 0.316745, 0.322222222222223
pizza_bakedUV_simpL5_qp11_qt10_decompJPEG_512x512_Q50, 0.395057, 0.313953488372092
pizza_bakedUV_simpL5_qp9_qt8_decompJPEG_712x712_Q25, 0.407261, 0.329545454545455
pizza_bakedUV_simpL6_qp10_qt7_decompJPEG_1440x1440_Q25, 0.419460, 0.38125
pizza_bakedUV_simpL6_qp11_qt10_decompJPEG_712x712_Q25, 0.398293, 0.420454545454545
pizza_bakedUV_simpL6_qp7_qt9_decompJPEG_512x512_Q10, 0.654402, 0.69047619047619
pizza_bakedUV_simpL6_qp8_qt7_decompJPEG_2048x2048_Q90, 0.425869, 0.459302325581395
pizza_bakedUV_simpL6_qp9_qt9_decompJPEG_512x512_Q75, 0.375468, 0.408536585365852
pizza_bakedUV_simpL7_qp10_qt10_decompJPEG_2048x2048_Q75, 0.266660, 0.34090909090909
pizza_bakedUV_simpL7_qp10_qt6_decompJPEG_512x512_Q50, 0.648032, 0.65340909090909
pizza_bakedUV_simpL7_qp10_qt6_decompJPEG_512x512_Q75, 0.647626, 0.627906976744185
pizza_bakedUV_simpL7_qp10_qt8_decompJPEG_1024x1024_Q90, 0.319418, 0.357142857142858
pizza_bakedUV_simpL7_qp10_qt8_decompJPEG_512x512_Q25, 0.496571, 0.47093023255814
pizza_bakedUV_simpL8_qp11_qt7_decompJPEG_1440x1440_Q75, 0.427314, 0.49390243902439
pizza_bakedUV_simpL8_qp11_qt9_decompJPEG_2048x2048_Q10, 0.391417, 0.483333333333333
pizza_bakedUV_simpL8_qp7_qt7_decompJPEG_2048x2048_Q90, 0.496432, 0.648809523809525
pizza_bakedUV_simpL8_qp8_qt7_decompJPEG_1440x1440_Q75, 0.455230, 0.575
pizza_bakedUV_simpL8_qp8_qt7_decompJPEG_2048x2048_Q75, 0.453669, 0.55625
pizza_bakedUV_simpL8_qp9_qt6_decompJPEG_2048x2048_Q75, 0.642457, 0.65909090909091
pizza_bakedUV_simpL8_qp9_qt8_decompJPEG_712x712_Q90, 0.385816, 0.482954545454545
pizza_bakedUV_simpL8_qp9_qt9_decompJPEG_1024x1024_Q50, 0.365897, 0.5
pizza_bakedUV_simpL8_qp9_qt9_decompJPEG_712x712_Q90, 0.364354, 0.482558139534882
pizza_bakedUV_simpL9_qp10_qt7_decompJPEG_1440x1440_Q25, 0.499690, 0.601190476190475
pizza_bakedUV_simpL9_qp11_qt10_decompJPEG_2048x2048_Q90, 0.408671, 0.604651162790698
pizza_bakedUV_simpL9_qp11_qt7_decompJPEG_2048x2048_Q90, 0.485095, 0.61046511627907
pizza_bakedUV_simpL9_qp7_qt8_decompJPEG_1440x1440_Q90, 0.491577, 0.702380952380953
pizza_bakedUV_simpL9_qp8_qt10_decompJPEG_1440x1440_Q50, 0.441538, 0.58125
pizza_bakedUV_simpL9_qp8_qt7_decompJPEG_2048x2048_Q90, 0.495366, 0.627906976744185
pizza_bakedUV_simpL9_qp8_qt8_decompJPEG_1440x1440_Q50, 0.466587, 0.640243902439025
pizza_bakedUV_simpL9_qp9_qt9_decompJPEG_2048x2048_Q90, 0.416262, 0.593023255813953
SculptureShaman_simpL1_qp10_qt8_decompJPEG_2048x2048_Q10, 0.381565, 0.178571428571427
SculptureShaman_simpL1_qp10_qt8_decompJPEG_2048x2048_Q25, 0.316798, 0.127906976744185
SculptureShaman_simpL1_qp11_qt8_decompJPEG_2048x2048_Q10, 0.312176, 0.180232558139535
SculptureShaman_simpL1_qp7_qt6_decompJPEG_1024x1024_Q10, 0.951098, 0.942307692307693
SculptureShaman_simpL1_qp7_qt6_decompJPEG_2048x2048_Q25, 0.950704, 0.976190476190475
SculptureShaman_simpL1_qp8_qt8_decompJPEG_712x712_Q10, 0.703083, 0.68452380952381
SculptureShaman_simpL1_qp9_qt6_decompJPEG_1024x1024_Q50, 0.609522, 0.5625
SculptureShaman_simpL1_qp9_qt7_decompJPEG_1024x1024_Q25, 0.555606, 0.422619047619047
SculptureShaman_simpL1_qp9_qt8_decompJPEG_2048x2048_Q10, 0.532292, 0.286585365853657
SculptureShaman_simpL1_qp9_qt8_decompJPEG_712x712_Q25, 0.520946, 0.295454545454545
SculptureShaman_simpL1_qp9_qt9_decompJPEG_2048x2048_Q10, 0.514799, 0.348837209302325
SculptureShaman_simpL10_qp10_qt6_decompJPEG_1440x1440_Q90, 0.625246, 0.44375
SculptureShaman_simpL10_qp10_qt6_decompJPEG_2048x2048_Q25, 0.634529, 0.38953488372093
SculptureShaman_simpL10_qp10_qt7_decompJPEG_712x712_Q75, 0.573005, 0.296511627906977
SculptureShaman_simpL10_qp10_qt8_decompJPEG_512x512_Q50, 0.614803, 0.408536585365852
SculptureShaman_simpL10_qp11_qt6_decompJPEG_1024x1024_Q10, 0.741034, 0.607142857142858
SculptureShaman_simpL10_qp11_qt6_decompJPEG_1440x1440_Q25, 0.647877, 0.454545454545455
SculptureShaman_simpL10_qp11_qt6_decompJPEG_1440x1440_Q90, 0.624377, 0.339285714285715
SculptureShaman_simpL10_qp11_qt6_decompJPEG_2048x2048_Q10, 0.696110, 0.44186046511628
SculptureShaman_simpL10_qp11_qt7_decompJPEG_1440x1440_Q25, 0.568243, 0.323170731707317
SculptureShaman_simpL10_qp11_qt8_decompJPEG_712x712_Q75, 0.531495, 0.333333333333332
SculptureShaman_simpL10_qp7_qt6_decompJPEG_1024x1024_Q10, 0.753168, 0.660714285714285
SculptureShaman_simpL10_qp7_qt6_decompJPEG_1024x1024_Q75, 0.667894, 0.476190476190475
SculptureShaman_simpL10_qp7_qt6_decompJPEG_2048x2048_Q25, 0.661851, 0.494318181818183
SculptureShaman_simpL10_qp7_qt7_decompJPEG_2048x2048_Q25, 0.587210, 0.45625
SculptureShaman_simpL10_qp7_qt7_decompJPEG_712x712_Q75, 0.600708, 0.477777777777778
SculptureShaman_simpL10_qp8_qt6_decompJPEG_2048x2048_Q25, 0.630377, 0.476744186046512
SculptureShaman_simpL10_qp8_qt6_decompJPEG_512x512_Q75, 0.675199, 0.406976744186047
SculptureShaman_simpL10_qp8_qt9_decompJPEG_1024x1024_Q90, 0.504006, 0.33139534883721
SculptureShaman_simpL10_qp9_qt6_decompJPEG_2048x2048_Q25, 0.628780, 0.464285714285715
SculptureShaman_simpL10_qp9_qt6_decompJPEG_712x712_Q50, 0.675908, 0.318181818181817
SculptureShaman_simpL10_qp9_qt7_decompJPEG_512x512_Q25, 0.668825, 0.386904761904763
SculptureShaman_simpL2_qp11_qt8_decompJPEG_2048x2048_Q10, 0.309499, 0.11046511627907
SculptureShaman_simpL2_qp9_qt8_decompJPEG_1440x1440_Q50, 0.475503, 0.325581395348837
SculptureShaman_simpL2_qp9_qt8_decompJPEG_512x512_Q25, 0.511059, 0.352272727272728
SculptureShaman_simpL3_qp11_qt6_decompJPEG_512x512_Q90, 0.491290, 0.551136363636363
SculptureShaman_simpL3_qp7_qt8_decompJPEG_1440x1440_Q25, 0.891849, 0.953488372093023
SculptureShaman_simpL3_qp8_qt8_decompJPEG_2048x2048_Q75, 0.630477, 0.5625
SculptureShaman_simpL4_qp10_qt8_decompJPEG_2048x2048_Q10, 0.352803, 0.193181818181817
SculptureShaman_simpL4_qp8_qt10_decompJPEG_2048x2048_Q10, 0.594655, 0.587209302325583
SculptureShaman_simpL4_qp8_qt8_decompJPEG_712x712_Q10, 0.657252, 0.656976744186047
SculptureShaman_simpL4_qp9_qt8_decompJPEG_2048x2048_Q90, 0.454193, 0.25595238095238
SculptureShaman_simpL5_qp10_qt8_decompJPEG_2048x2048_Q10, 0.348468, 0.25
SculptureShaman_simpL5_qp11_qt6_decompJPEG_512x512_Q25, 0.502274, 0.51219512195122
SculptureShaman_simpL5_qp11_qt7_decompJPEG_2048x2048_Q50, 0.383075, 0.25595238095238
SculptureShaman_simpL5_qp7_qt10_decompJPEG_1024x1024_Q75, 0.816478, 0.946428571428573
SculptureShaman_simpL5_qp7_qt6_decompJPEG_1024x1024_Q10, 0.876785, 0.954545454545455
SculptureShaman_simpL5_qp8_qt8_decompJPEG_712x712_Q90, 0.603222, 0.5625
SculptureShaman_simpL6_qp11_qt6_decompJPEG_712x712_Q50, 0.530691, 0.644444444444445
SculptureShaman_simpL6_qp7_qt10_decompJPEG_1024x1024_Q75, 0.781328, 0.88953488372093
SculptureShaman_simpL6_qp7_qt8_decompJPEG_1440x1440_Q25, 0.780058, 0.90909090909091
SculptureShaman_simpL7_qp10_qt6_decompJPEG_2048x2048_Q25, 0.552945, 0.65
SculptureShaman_simpL8_qp9_qt6_decompJPEG_512x512_Q90, 0.594972, 0.69767441860465
SculptureShaman_simpL9_qp10_qt9_decompJPEG_712x712_Q10, 0.574220, 0.405555555555555
statue_simpL1_qp10_qt6_decompJPEG_2048x2048_Q75, 0.939745, 0.886904761904763
statue_simpL1_qp10_qt6_decompJPEG_512x512_Q25, 0.892069, 0.839285714285715
statue_simpL1_qp11_qt6_decompJPEG_512x512_Q25, 0.900191, 0.872093023255815
statue_simpL1_qp8_qt8_decompJPEG_1024x1024_Q25, 0.760489, 0.714285714285715
statue_simpL1_qp9_qt6_decompJPEG_1440x1440_Q10, 0.915791, 0.892857142857143
statue_simpL2_qp10_qt6_decompJPEG_712x712_Q90, 0.901583, 0.852564102564102
statue_simpL2_qp8_qt10_decompJPEG_1024x1024_Q10, 0.699225, 0.720238095238095
statue_simpL2_qp8_qt10_decompJPEG_1024x1024_Q25, 0.688332, 0.63953488372093
statue_simpL2_qp8_qt8_decompJPEG_712x712_Q90, 0.726174, 0.660714285714285
statue_simpL2_qp9_qt6_decompJPEG_1024x1024_Q90, 0.917400, 0.851190476190475
statue_simpL2_qp9_qt6_decompJPEG_2048x2048_Q75, 0.926861, 0.877906976744185
statue_simpL2_qp9_qt6_decompJPEG_2048x2048_Q90, 0.930222, 0.865853658536585
statue_simpL3_qp10_qt6_decompJPEG_512x512_Q50, 0.905309, 0.848837209302325
statue_simpL3_qp10_qt6_decompJPEG_712x712_Q10, 0.895335, 0.835365853658538
statue_simpL3_qp11_qt6_decompJPEG_512x512_Q75, 0.905194, 0.792682926829267
statue_simpL3_qp9_qt6_decompJPEG_2048x2048_Q90, 0.943670, 0.90625
statue_simpL3_qp9_qt6_decompJPEG_712x712_Q50, 0.929045, 0.88953488372093
statue_simpL4_qp10_qt6_decompJPEG_512x512_Q50, 0.916280, 0.85625
statue_simpL4_qp11_qt6_decompJPEG_712x712_Q10, 0.896779, 0.907894736842105
statue_simpL4_qp8_qt10_decompJPEG_1024x1024_Q75, 0.649463, 0.65340909090909
statue_simpL4_qp8_qt8_decompJPEG_1024x1024_Q10, 0.723153, 0.686046511627908
statue_simpL4_qp9_qt6_decompJPEG_2048x2048_Q90, 0.953649, 0.936046511627908
statue_simpL4_qp9_qt6_decompJPEG_712x712_Q25, 0.932781, 0.875
statue_simpL5_qp10_qt6_decompJPEG_1024x1024_Q50, 0.933707, 0.789772727272728
statue_simpL5_qp10_qt6_decompJPEG_1440x1440_Q50, 0.934821, 0.871951219512195
statue_simpL5_qp10_qt6_decompJPEG_2048x2048_Q75, 0.951164, 0.912790697674418
statue_simpL5_qp10_qt6_decompJPEG_2048x2048_Q90, 0.952461, 0.86875
statue_simpL5_qp10_qt6_decompJPEG_512x512_Q50, 0.928407, 0.789772727272728
statue_simpL5_qp10_qt8_decompJPEG_712x712_Q10, 0.493833, 0.305555555555555
statue_simpL5_qp11_qt6_decompJPEG_1024x1024_Q50, 0.917914, 0.8625
statue_simpL5_qp11_qt6_decompJPEG_1440x1440_Q50, 0.917034, 0.847560975609755
statue_simpL5_qp11_qt6_decompJPEG_2048x2048_Q75, 0.935582, 0.897727272727272
statue_simpL5_qp11_qt6_decompJPEG_2048x2048_Q90, 0.939897, 0.854651162790698
statue_simpL5_qp11_qt6_decompJPEG_712x712_Q25, 0.903602, 0.872093023255815
statue_simpL5_qp8_qt6_decompJPEG_2048x2048_Q25, 0.959322, 0.935897435897435
statue_simpL5_qp8_qt6_decompJPEG_2048x2048_Q75, 0.960814, 0.901162790697675
statue_simpL5_qp8_qt6_decompJPEG_2048x2048_Q90, 0.961925, 0.906976744186047
statue_simpL5_qp8_qt8_decompJPEG_1024x1024_Q90, 0.714503, 0.654761904761905
statue_simpL5_qp8_qt9_decompJPEG_512x512_Q25, 0.712652, 0.619318181818183
statue_simpL5_qp9_qt6_decompJPEG_2048x2048_Q25, 0.952428, 0.85
statue_simpL5_qp9_qt6_decompJPEG_2048x2048_Q50, 0.954817, 0.827380952380953
statue_simpL5_qp9_qt6_decompJPEG_2048x2048_Q75, 0.954768, 0.895348837209302
statue_simpL5_qp9_qt6_decompJPEG_2048x2048_Q90, 0.956694, 0.9125
statue_simpL5_qp9_qt6_decompJPEG_512x512_Q10, 0.885234, 0.875
statue_simpL6_qp8_qt10_decompJPEG_1024x1024_Q25, 0.635004, 0.577380952380953
statue_simpL6_qp8_qt10_decompJPEG_1024x1024_Q50, 0.622188, 0.572222222222223
statue_simpL6_qp8_qt6_decompJPEG_2048x2048_Q90, 0.959949, 0.914634146341462
statue_simpL7_qp11_qt6_decompJPEG_1440x1440_Q75, 0.948072, 0.857142857142857
statue_simpL7_qp8_qt6_decompJPEG_1024x1024_Q50, 0.953741, 0.946428571428573
statue_simpL7_qp8_qt6_decompJPEG_1024x1024_Q75, 0.959622, 0.959302325581395
statue_simpL7_qp8_qt6_decompJPEG_1024x1024_Q90, 0.955338, 0.914772727272728
statue_simpL7_qp8_qt6_decompJPEG_2048x2048_Q90, 0.962799, 0.912790697674418
statue_simpL9_qp10_qt8_decompJPEG_712x712_Q75, 0.540559, 0.401162790697675
